{
    "_vcs_DPI_package": [
        "_vcs_DPI_package",
        "uM9F1",
        "module",
        1
    ],
    "vcs_paramclassrepository": [
        "vcs_paramclassrepository",
        "hEeZs",
        "module",
        2
    ],
    "_vcs_unit__1499319615": [
        "_vcs_unit__1499319615",
        "p4Mny",
        "module",
        3
    ],
    "std": [
        "std",
        "reYIK",
        "module",
        4
    ],
    "uvm_pkg": [
        "uvm_pkg",
        "zr7M1",
        "module",
        5
    ],
    "i2c_top": [
        "i2c_top",
        "Arw77",
        "module",
        6
    ],
    "intf_0": [
        "intf_0",
        "VUMzS",
        "module",
        7
    ],
    "top": [
        "top",
        "Emx8S",
        "module",
        8
    ],
    "...MASTER...": [
        "SIM",
        "amcQw",
        "module",
        9
    ]
}